File Type,Quality,Access Requests,Usage Requests,Status
B,1,11,61,1
B,1,2,40,1
B,1,27,1,1
B,1,0,0,0
B,1,2,88,1
B,1,0,0,0
B,0,15,30,0
B,0,0,0,0
B,1,31,60,1
S,0,0,0,0
B,1,39,79,1
L,1,27,36,0
C,1,4,99,0
S,1,2,51,1
B,1,47,48,1
B,1,25,50,1
L,1,0,0,0
S,1,1,37,1
S,0,11,34,0
B,0,40,65,0
B,1,29,91,1
B,0,0,0,0
B,1,12,74,1
B,0,38,79,0
B,1,18,84,1
B,1,49,82,1
B,1,8,84,1
B,0,12,59,0
B,1,5,30,1
C,1,0,0,0
B,1,32,52,1
B,1,0,0,0
B,1,3,31,1
B,1,28,49,1
S,1,0,0,0
S,0,45,93,0
B,1,4,34,1
B,1,36,32,1
L,1,31,31,0
B,0,0,0,0
S,1,20,26,1
B,0,11,83,0
B,1,30,72,1
B,1,4,3,1
B,1,0,0,0
S,1,0,0,0
B,1,42,96,1
B,1,0,0,0
S,1,45,3,1
B,1,34,86,1
S,1,1,80,1
B,0,15,90,0
S,1,0,0,0
B,1,0,0,0
B,1,35,10,1
B,0,26,57,0
L,1,39,69,0
B,1,17,71,1
C,0,20,2,0
B,0,9,84,0
B,1,0,0,0
B,0,49,38,0
B,1,0,0,0
B,1,7,69,1
B,0,25,83,0
B,1,11,74,1
B,1,0,0,0
C,1,29,55,0
B,1,43,27,1
C,1,42,73,0
B,1,45,73,1
B,1,35,23,1
B,0,0,0,0
S,1,17,3,1
B,0,13,77,0
B,1,24,10,1
B,1,3,47,1
S,1,30,55,1
B,1,36,95,1
C,1,37,85,0
B,0,37,42,0
B,1,38,34,1
B,1,7,86,1
B,1,8,49,1
B,0,7,63,0
B,1,40,92,1
L,1,5,44,0
B,0,8,91,0
B,1,47,92,1
S,1,25,25,1
S,0,34,17,0
B,1,14,38,1
B,0,24,95,0
B,1,0,0,0
B,1,0,0,0
B,1,13,24,1
B,1,45,48,1
B,1,5,53,1
B,1,0,0,0
B,1,44,14,1
L,0,18,16,0
B,1,11,45,1
B,1,40,50,1
S,1,9,41,1
S,1,48,57,1
B,1,0,0,0
B,1,1,71,1
B,1,42,27,1
S,1,25,77,1
B,0,16,75,0
C,0,12,89,0
B,1,0,0,0
B,1,14,75,1
B,1,49,42,1
B,1,33,8,1
B,1,8,31,1
S,1,19,58,1
B,1,45,48,1
B,1,29,69,1
L,1,31,27,0
B,1,0,0,0
B,1,2,31,1
B,1,35,27,1
B,1,7,13,1
B,1,8,30,1
B,1,20,68,1
S,0,19,2,0
B,1,46,54,1
L,0,47,16,0
C,1,47,64,0
B,1,18,73,1
B,0,24,93,0
B,1,2,48,1
B,1,46,5,1
B,1,32,14,1
B,0,37,88,0
B,1,11,43,1
B,1,41,67,1
B,1,0,0,0
S,0,33,99,0
B,1,0,0,0
S,1,1,51,1
S,1,0,0,0
B,1,39,73,1
B,1,9,9,1
B,1,40,79,1
B,1,24,67,1
S,1,41,71,1
B,0,14,47,0
S,1,0,0,0
B,1,43,80,1
B,1,0,0,0
B,1,29,52,1
B,1,45,72,1
B,1,25,4,1
B,1,2,75,1
B,1,14,24,1
B,1,3,46,1
B,0,26,45,0
S,1,21,61,1
B,1,47,79,1
S,1,0,0,0
B,1,20,2,1
B,1,16,89,1
S,1,24,94,1
L,1,3,69,0
B,1,5,64,1
B,0,5,40,0
B,1,0,0,0
B,1,4,2,1
B,1,42,58,1
S,1,39,60,1
S,1,11,65,1
B,1,21,20,1
B,1,41,4,1
B,1,21,43,1
C,1,8,17,0
B,1,12,62,1
B,1,36,86,1
B,1,41,52,1
C,1,31,85,0
C,1,27,63,0
B,1,0,0,0
S,1,40,2,1
B,1,10,46,1
B,1,40,32,1
B,0,40,47,0
B,1,27,34,1
C,1,29,37,0
B,1,43,6,1
B,1,5,2,1
B,1,16,11,1
B,0,0,0,0
B,1,0,0,0
S,0,42,14,0
B,1,13,56,1
C,0,25,21,0
B,0,43,5,0
S,1,23,33,1
C,0,8,95,0
C,1,3,3,0
S,1,0,0,0
B,1,8,55,1
B,1,38,97,1
B,1,34,12,1
S,1,23,86,1
L,1,2,79,0
S,1,46,20,1
B,1,49,85,1
L,1,0,0,0
S,0,0,0,0
S,1,0,0,0
B,1,32,7,1
S,1,15,40,1
B,1,8,83,1
B,1,10,66,1
B,1,22,41,1
B,1,37,25,1
B,1,49,17,1
B,1,14,38,1
B,0,11,8,0
B,1,32,75,1
S,1,44,10,1
S,1,42,70,1
B,1,10,80,1
B,1,47,93,1
B,1,24,55,1
B,1,21,2,1
S,1,40,57,1
B,1,37,17,1
S,1,3,73,1
B,1,47,79,1
C,1,28,73,0
B,1,14,29,1
B,1,46,96,1
S,1,1,61,1
B,0,48,68,0
B,0,9,32,0
B,1,0,0,0
S,0,14,95,0
S,1,45,9,1
S,1,47,30,1
B,1,26,56,1
S,1,33,68,1
B,1,0,0,0
B,1,14,27,1
C,0,18,95,0
S,1,0,0,0
B,1,16,1,1
B,1,18,8,1
B,0,3,71,0
B,1,3,27,1
L,1,41,42,0
B,1,10,31,1
S,1,47,35,1
B,0,31,34,0
L,1,17,69,0
B,1,17,42,1
B,1,0,0,0
B,1,11,90,1
B,1,39,80,1
B,1,26,96,1
S,1,0,0,0
B,1,0,0,0
L,1,42,64,0
C,1,6,95,0
B,1,12,88,1
B,1,26,6,1
B,1,35,82,1
S,1,5,74,1
B,1,0,0,0
B,1,21,65,1
B,1,42,96,1
C,1,8,67,0
B,1,9,50,1
B,1,4,95,1
B,1,36,35,1
B,1,41,7,1
B,1,0,0,0
S,1,0,0,0
B,0,20,87,0
B,1,0,0,0
B,1,0,0,0
B,1,16,1,1
B,1,42,53,1
S,1,23,3,1
B,0,20,73,0
B,0,15,0,0
B,1,0,0,0
S,0,11,58,0
S,1,9,40,1
B,0,0,0,0
B,1,41,16,1
S,1,10,64,1
B,0,21,93,0
B,1,10,38,1
B,1,6,96,1
B,0,39,65,0
B,1,45,25,1
B,1,43,29,1
B,1,39,50,1
S,0,29,79,0
B,1,13,20,1
B,1,45,1,1
S,1,5,67,1
B,1,28,52,1
B,1,26,82,1
S,1,28,56,1
B,1,0,0,0
B,1,42,26,1
B,1,32,61,1
B,1,31,37,1
B,1,47,27,1
B,1,9,31,1
L,1,0,0,0
B,1,26,58,1
S,1,20,67,1
B,0,32,34,0
B,0,4,8,0
B,1,25,30,1
C,1,47,27,0
S,0,45,98,0
B,1,6,1,1
B,0,31,95,0
S,1,42,88,1
S,1,33,31,1
B,0,18,88,0
B,1,43,61,1
C,1,0,0,0
B,0,7,6,0
B,0,15,47,0
B,1,1,5,1
S,1,27,65,1
B,1,33,77,1
B,1,0,0,0
B,1,36,95,1
B,1,36,70,1
S,1,3,86,1
B,1,0,0,0
B,1,4,7,1
S,1,6,17,1
S,1,36,67,1
B,0,46,20,0
B,1,4,11,1
S,1,1,71,1
L,1,28,62,0
B,1,0,0,0
B,1,0,0,0
B,1,20,58,1
B,1,34,42,1
B,1,6,19,1
B,1,34,20,1
L,0,46,85,0
B,1,26,58,1
B,1,0,0,0
S,1,0,0,0
B,0,25,51,0
S,1,28,67,1
B,1,8,84,1
S,0,1,1,0
B,1,6,33,1
S,1,37,22,1
B,1,5,67,1
S,1,16,14,1
S,0,49,2,0
B,1,32,5,1
B,1,44,15,1
S,1,14,34,1
B,1,30,74,1
S,1,22,22,1
B,1,15,87,1
B,0,7,79,0
B,1,38,86,1
S,1,12,54,1
B,1,34,74,1
B,1,22,87,1
L,0,32,71,0
B,0,27,68,0
S,0,36,13,0
B,1,13,4,1
C,1,42,29,0
B,1,14,64,1
B,1,43,51,1
B,1,45,13,1
B,1,6,30,1
B,1,16,75,1
C,1,13,53,0
B,1,30,69,1
B,0,6,5,0
B,1,5,91,1
S,0,41,18,0
S,1,1,60,1
S,1,32,53,1
B,1,36,41,1
B,0,10,36,0
B,1,23,42,1
B,1,0,0,0
B,1,14,44,1
S,1,48,95,1
B,1,31,12,1
B,1,34,98,1
B,1,10,85,1
B,1,0,0,0
C,1,27,92,0
B,0,33,95,0
B,1,24,51,1
B,1,25,86,1
B,1,37,55,1
B,1,19,68,1
S,1,28,26,1
C,1,0,0,0
S,1,8,87,1
S,1,17,76,1
B,1,12,75,1
B,1,6,18,1
B,1,22,59,1
B,1,12,72,1
B,1,45,36,1
B,1,10,71,1
L,1,34,7,0
B,1,16,23,1
B,1,6,32,1
B,1,34,33,1
B,1,13,11,1
B,0,39,23,0
B,1,37,69,1
B,1,24,18,1
B,0,0,0,0
B,0,12,38,0
B,1,5,83,1
B,1,40,53,1
S,1,29,66,1
B,1,9,87,1
S,1,12,45,1
B,1,0,0,0
S,1,24,80,1
B,0,31,11,0
B,1,44,90,1
L,1,47,13,0
B,1,39,98,1
L,1,2,71,0
B,1,31,96,1
S,1,16,19,1
B,1,6,54,1
B,1,27,63,1
B,1,47,23,1
B,0,15,52,0
B,1,1,95,1
B,1,11,49,1
B,1,46,34,1
B,1,21,1,1
B,0,27,94,0
B,1,12,7,1
S,1,46,77,1
B,1,2,76,1
B,1,32,6,1
B,0,8,73,0
B,0,35,45,0
B,1,0,0,0
B,1,29,61,1
S,0,6,51,0
B,1,5,60,1
B,1,0,0,0
B,0,35,85,0
B,1,33,67,1
B,1,17,2,1
B,1,33,84,1
B,1,44,18,1
C,1,0,0,0
B,0,34,23,0
B,1,22,52,1
S,1,17,14,1
B,0,45,11,0
S,1,19,88,1
B,1,42,4,1
B,1,13,85,1
S,1,29,71,1
B,1,28,3,1
B,1,18,90,1
S,1,17,75,1
B,1,16,5,1
B,1,20,71,1
B,1,17,11,1
B,1,38,45,1
B,1,10,75,1
S,0,0,0,0
B,1,11,36,1
C,1,5,67,0
B,1,30,43,1
B,0,5,34,0
B,1,21,97,1
B,1,16,59,1
S,1,0,0,0
S,1,6,59,1
B,0,2,16,0
C,0,31,25,0
B,1,10,16,1
S,0,2,44,0
B,1,32,45,1
B,0,20,92,0
B,1,49,3,1
L,0,0,0,0
B,1,34,84,1
B,1,23,22,1
S,1,48,84,1
B,1,5,20,1
S,1,29,68,1
S,0,38,59,0
B,0,28,46,0
B,1,21,66,1
B,0,47,38,0
S,1,21,42,1
B,1,1,49,1
B,1,33,5,1
B,1,17,47,1
B,1,34,1,1
S,1,9,6,1
B,1,30,89,1
C,1,31,86,0
B,1,5,55,1
B,0,0,0,0
S,0,7,36,0
B,1,0,0,0
B,1,40,58,1
B,0,23,26,0
L,1,20,5,0
B,1,14,98,1
C,1,22,95,0
L,1,2,90,0
C,1,43,68,0
B,1,12,41,1
S,1,48,62,1
S,1,31,4,1
B,1,17,27,1
B,0,25,62,0
B,0,7,28,0
C,1,24,94,0
B,0,45,10,0
C,0,23,45,0
B,1,29,16,1
S,1,18,93,1
B,0,21,24,0
C,1,30,28,0
B,1,6,95,1
L,1,11,0,0
B,0,22,21,0
C,0,2,96,0
S,1,40,84,1
S,1,37,71,1
B,1,26,56,1
L,1,0,0,0
B,1,44,76,1
B,1,38,78,1
C,1,7,82,0
S,1,10,87,1
B,1,28,79,1
S,1,24,50,1
B,1,45,7,1
B,1,14,4,1
S,1,4,92,1
S,1,24,37,1
L,1,44,55,0
L,1,7,34,0
B,1,43,24,1
S,0,26,46,0
B,1,18,41,1
L,0,21,51,0
L,1,39,73,0
B,1,33,4,1
B,0,0,0,0
S,1,37,48,1
B,1,18,59,1
B,0,35,45,0
B,1,44,71,1
B,0,2,86,0
S,1,27,23,1
B,1,14,81,1
B,1,0,0,0
B,1,38,67,1
S,1,9,83,1
B,1,3,21,1
B,0,48,52,0
S,1,20,94,1
B,1,0,0,0
B,1,41,51,1
B,1,28,96,1
S,1,46,88,1
S,1,29,17,1
S,1,38,3,1
S,1,9,69,1
B,1,6,98,1
B,1,0,0,0
B,1,20,2,1
B,0,28,46,0
B,1,9,50,1
B,0,46,34,0
C,1,40,93,0
L,1,15,72,0
S,1,9,26,1
S,1,15,29,1
B,1,0,0,0
B,1,15,76,1
B,1,7,27,1
B,0,35,65,0
B,1,35,61,1
B,1,30,79,1
B,0,31,19,0
S,1,0,0,0
B,1,43,5,1
B,1,0,0,0
B,0,0,0,0
B,1,0,0,0
B,1,0,0,0
B,1,24,45,1
B,1,22,93,1
S,0,18,20,0
S,1,24,48,1
B,1,21,74,1
B,1,0,0,0
B,1,31,12,1
B,1,0,0,0
B,1,1,29,1
C,0,27,49,0
B,0,48,16,0
B,0,0,0,0
B,0,5,16,0
B,1,0,0,0
B,1,45,38,1
B,0,0,0,0
S,1,13,74,1
L,0,20,76,0
B,1,5,62,1
L,0,0,0,0
B,1,1,48,1
B,1,27,46,1
B,1,0,0,0
B,1,9,33,1
B,1,2,12,1
B,1,13,43,1
B,1,0,0,0
B,1,12,14,1
B,1,23,47,1
B,1,3,25,1
B,1,0,0,0
S,1,0,0,0
B,0,33,45,0
B,1,48,87,1
B,1,49,77,1
S,1,0,0,0
B,0,0,0,0
B,0,7,45,0
B,0,26,90,0
B,0,40,6,0
B,1,45,67,1
B,0,28,81,0
B,1,0,0,0
C,0,24,29,0
B,1,9,32,1
B,1,43,48,1
S,0,30,32,0
B,1,32,82,1
B,1,36,44,1
S,1,16,42,1
L,1,28,18,0
S,1,31,40,1
B,1,5,15,1
B,1,24,14,1
B,0,32,38,0
B,1,31,17,1
B,1,42,5,1
B,1,15,30,1
B,1,4,28,1
B,0,5,36,0
B,1,28,17,1
B,1,11,92,1
S,1,29,21,1
B,1,38,40,1
C,1,48,8,0
B,1,0,0,0
B,1,0,0,0
S,1,32,18,1
B,1,2,81,1
B,0,27,17,0
B,0,17,47,0
S,1,9,90,1
S,1,11,54,1
B,1,27,34,1
S,0,45,10,0
S,0,20,52,0
S,1,39,40,1
B,1,33,46,1
L,1,45,61,0
B,1,41,93,1
B,1,38,97,1
B,1,23,30,1
B,1,4,17,1
B,1,34,71,1
C,1,5,9,0
B,0,16,80,0
B,1,9,96,1
C,0,40,96,0
B,1,17,38,1
B,0,28,23,0
S,1,45,17,1
B,1,0,0,0
B,0,12,66,0
B,1,22,60,1
B,1,47,89,1
B,1,42,37,1
S,1,2,37,1
B,1,4,65,1
B,1,32,27,1
B,1,0,0,0
S,1,30,76,1
C,0,0,0,0
C,0,29,70,0
B,1,21,72,1
L,1,22,13,0
B,1,30,89,1
B,0,25,93,0
L,1,7,22,0
B,1,38,83,1
B,0,28,3,0
B,1,7,72,1
B,1,30,29,1
S,1,25,28,1
S,1,18,58,1
B,1,49,65,1
B,1,46,96,1
B,0,25,10,0
S,1,3,54,1
B,1,1,27,1
B,0,46,24,0
S,0,16,62,0
B,1,12,29,1
B,1,38,19,1
S,1,3,37,1
S,1,33,83,1
B,1,0,0,0
B,0,15,69,0
C,1,23,54,0
S,1,41,43,1
S,1,7,62,1
S,1,12,88,1
S,1,13,36,1
B,1,0,0,0
B,1,41,7,1
B,1,26,98,1
B,0,13,87,0
B,0,25,86,0
B,1,11,96,1
B,1,47,55,1
C,1,36,96,0
B,1,31,90,1
S,1,48,52,1
B,1,28,41,1
B,0,48,28,0
B,1,28,18,1
B,1,44,13,1
S,0,0,0,0
B,1,13,66,1
B,1,46,44,1
C,1,5,7,0
B,1,5,74,1
B,1,29,20,1
S,1,5,84,1
S,1,18,19,1
B,1,13,19,1
B,0,7,37,0
L,1,20,55,0
S,0,42,10,0
B,0,0,0,0
B,1,44,84,1
L,1,0,0,0
B,1,9,8,1
B,1,1,60,1
S,0,0,0,0
B,1,3,35,1
L,0,29,26,0
B,0,0,0,0
B,1,27,1,1
B,0,3,67,0
B,1,0,0,0
B,0,0,0,0
B,0,18,77,0
B,1,15,43,1
S,0,42,98,0
L,1,3,26,0
B,1,19,15,1
B,1,10,94,1
B,1,8,49,1
B,1,7,2,1
B,1,16,10,1
S,1,21,71,1
B,1,12,68,1
B,1,1,7,1
B,1,0,0,0
B,1,0,0,0
B,1,30,16,1
B,1,0,0,0
C,1,41,76,0
B,1,33,58,1
B,0,0,0,0
B,0,20,28,0
B,1,6,97,1
B,1,25,26,1
S,0,6,89,0
B,0,13,14,0
B,0,35,58,0
B,1,19,21,1
B,1,34,11,1
L,0,0,0,0
B,1,45,69,1
B,1,48,1,1
S,1,37,55,1
L,1,46,86,0
B,0,36,8,0
B,1,36,74,1
B,1,37,36,1
B,1,30,91,1
B,1,6,13,1
B,1,28,24,1
C,0,0,0,0
B,0,38,77,0
C,1,2,97,0
S,1,30,18,1
B,1,39,55,1
B,1,5,93,1
B,1,17,19,1
B,0,45,36,0
S,1,16,65,1
B,1,27,40,1
B,1,11,14,1
B,0,33,59,0
S,0,0,0,0
B,1,41,0,0
B,1,19,75,1
B,0,26,35,0
L,1,5,54,0
S,1,15,33,1
B,1,7,9,1
B,0,25,88,0
B,1,7,26,1
B,1,27,6,1
B,0,0,0,0
B,1,38,97,1
L,1,9,74,0
S,1,13,51,1
L,0,35,56,0
B,1,9,11,1
B,1,17,54,1
B,1,0,0,0
B,1,38,54,1
B,0,22,5,0
B,1,40,44,1
B,1,0,0,0
B,1,39,76,1
B,1,35,98,1
B,1,44,40,1
B,0,11,78,0
S,0,0,0,0
B,0,36,28,0
B,1,29,96,1
B,1,14,61,1
B,1,4,21,1
B,1,5,22,1
B,1,6,61,1
S,1,33,15,1
B,1,31,76,1
B,1,0,0,0
B,1,30,93,1
B,1,36,26,1
B,1,47,69,1
B,0,20,29,0
B,1,31,49,1
B,1,37,14,1
B,1,1,6,1
B,1,32,58,1
S,1,0,0,0
L,1,44,79,0
L,1,47,18,0
B,1,23,71,1
S,1,0,0,0
S,0,40,68,0
B,1,11,35,1
C,1,18,65,0
S,1,19,97,1
C,1,45,18,0
S,1,28,76,1
S,1,42,64,1
S,1,20,61,1
B,1,47,98,1
B,1,48,64,1
C,1,0,0,0
B,1,10,81,1
B,1,44,64,1
C,1,19,60,0
B,1,0,0,0
C,0,47,55,0
B,1,15,43,1
S,1,23,91,1
S,1,1,11,1
B,0,5,9,0
B,1,21,75,1
B,0,0,0,0
B,0,27,14,0
B,1,0,0,0
B,1,39,68,1
B,1,26,4,1
B,1,38,71,1
B,1,44,21,1
B,1,15,32,1
C,1,47,0,0
B,1,32,55,1
B,0,18,73,0
B,1,23,22,1
B,1,13,53,1
B,1,41,92,1
S,1,7,40,1
B,1,6,1,1
B,1,0,0,0
B,1,22,20,1
B,1,1,75,1
B,1,3,88,1
B,0,26,73,0
S,1,26,20,1
B,1,37,75,1
B,1,24,72,1
L,1,0,0,0
B,1,14,89,1
B,1,0,0,0
B,1,2,81,1
B,0,34,93,0
B,1,32,90,1
B,1,1,61,1
B,1,1,18,1
B,1,38,79,1
S,1,16,39,1
B,1,4,54,1
B,0,5,77,0
B,1,41,93,1
B,0,17,2,0
B,1,37,25,1
B,1,11,29,1
B,1,29,86,1
L,1,15,46,0
B,1,48,16,1
B,0,15,60,0
B,0,4,82,0
B,1,21,25,1
B,1,13,4,1
B,1,39,73,1
B,1,38,26,1
B,1,27,12,1
C,0,19,74,0
B,0,14,42,0
B,1,38,85,1
L,1,25,73,0
B,1,31,15,1
B,1,3,4,1
B,1,46,23,1
B,1,0,0,0
B,1,0,0,0
B,1,43,2,1
C,1,34,4,0
S,0,29,53,0
B,1,22,95,1
B,1,0,0,0
B,1,37,90,1
B,1,0,0,0
B,1,41,42,1
S,0,47,2,0
B,1,22,43,1
B,1,34,50,1
S,0,40,10,0
B,0,0,0,0
B,1,35,7,1
B,1,24,81,1
B,1,0,0,0
B,0,4,28,0
B,1,0,0,0
B,1,39,79,1
B,1,48,8,1
S,1,36,17,1
B,1,29,57,1
B,1,10,22,1
C,1,17,10,0
B,1,35,88,1
S,1,10,39,1
B,1,39,59,1
B,0,47,29,0
S,1,36,76,1
S,1,13,37,1
B,1,40,44,1
B,1,0,0,0
C,1,5,22,0
L,1,22,48,0
B,1,44,41,1
B,0,11,42,0
C,1,36,14,0
B,1,34,73,1
B,1,4,85,1
B,1,27,91,1
S,1,27,8,1
B,0,42,58,0
B,1,45,89,1
L,0,32,96,0
B,1,21,30,1
S,1,12,50,1
B,0,25,59,0
S,1,0,0,0
B,0,47,81,0
B,1,38,50,1
S,1,2,99,1
B,0,18,62,0
B,0,18,47,0
B,1,29,0,0
B,0,36,8,0
S,1,3,69,1
B,1,39,47,1
B,1,42,59,1
B,1,24,6,1
B,1,40,67,1
B,0,20,18,0
B,1,8,3,1
B,0,47,17,0
B,1,23,51,1
B,1,0,0,0
B,0,20,43,0
B,0,45,43,0
B,1,1,85,1
B,1,19,99,1
B,1,3,35,1
S,1,47,29,1
B,1,2,90,1
B,1,19,64,1
B,0,0,0,0
B,1,35,95,1
B,1,9,42,1
B,1,0,0,0
B,1,46,49,1
B,0,31,20,0
B,1,19,33,1
B,1,3,90,1
B,1,44,75,1
B,1,7,45,1
B,1,0,0,0
S,1,25,33,1
C,0,35,51,0
S,1,13,27,1
L,1,2,85,0
S,1,11,92,1
C,1,15,92,0
B,0,10,59,0
S,1,40,80,1
B,1,23,22,1
S,0,39,96,0
B,1,2,26,1
B,1,25,45,1
B,1,24,41,1
B,1,45,48,1
B,1,33,10,1
B,1,44,57,1
B,0,16,97,0
B,1,7,68,1
S,0,28,97,0
B,1,11,5,1
B,0,46,89,0
B,1,0,0,0
B,1,47,55,1
B,1,28,2,1
B,0,36,60,0
B,1,33,27,1
S,1,11,64,1
S,1,30,88,1
B,1,47,70,1
S,1,2,7,1
B,1,0,0,0
L,1,0,0,0
S,1,41,75,1
B,1,4,97,1
B,1,0,0,0
B,1,16,68,1
B,1,40,27,1
B,1,4,62,1
B,1,25,90,1
S,1,5,73,1
B,0,26,82,0
B,1,0,0,0
B,1,32,83,1
B,0,4,5,0
B,0,1,60,0
B,0,16,92,0
S,1,35,26,1
S,1,27,47,1
B,1,10,64,1
S,1,21,95,1
S,0,20,32,0
B,1,43,39,1
B,1,29,43,1
C,1,32,66,0
B,1,16,69,1
C,1,12,28,0
B,1,33,26,1
B,1,41,92,1
S,0,45,50,0
B,1,48,97,1
B,0,40,76,0
B,1,46,91,1
B,1,32,56,1
B,0,26,75,0
S,1,37,54,1
S,1,44,32,1
B,1,23,63,1
B,1,13,79,1
B,0,48,93,0
B,0,49,21,0
B,1,7,40,1
C,0,21,35,0
B,1,35,79,1
S,1,28,53,1
B,1,49,98,1
S,1,25,53,1
B,1,38,72,1
B,0,45,69,0
B,1,16,71,1
B,1,15,16,1
S,0,39,50,0
L,1,15,90,0
B,1,13,11,1
B,0,0,0,0
C,1,45,58,0
S,1,0,0,0
B,1,32,65,1
S,1,0,0,0
B,1,28,26,1
B,1,16,67,1
B,1,23,72,1
B,1,5,27,1
B,0,0,0,0
B,1,31,37,1
B,1,5,21,1
S,1,37,65,1
B,1,47,61,1
S,1,19,85,1
S,1,9,53,1
C,1,2,71,0
B,1,21,44,1
B,0,35,54,0
B,1,6,41,1
S,1,28,99,1
B,1,43,30,1
L,1,6,57,0
S,1,27,27,1
B,1,38,54,1
B,1,25,36,1
B,1,18,38,1
B,1,15,22,1
B,0,39,86,0
B,1,2,20,1
S,1,0,0,0
S,1,14,5,1
B,1,25,51,1
B,1,4,50,1
B,1,41,18,1
B,1,11,95,1
B,1,12,7,1
B,0,35,27,0
B,1,29,96,1
B,0,26,84,0
B,1,11,96,1
B,1,11,30,1
B,1,39,12,1
C,0,43,68,0
B,1,3,17,1
B,0,9,79,0
S,1,18,23,1
B,0,19,93,0
B,0,34,3,0
S,1,24,60,1
B,0,25,5,0
B,1,45,7,1
B,1,0,0,0
B,1,31,62,1
S,1,0,0,0
B,0,38,18,0
L,1,20,47,0
B,1,47,72,1
B,1,22,84,1
B,1,16,97,1
B,1,26,32,1
B,1,10,95,1
B,1,24,23,1
B,1,47,76,1
B,0,11,45,0
B,1,10,41,1
B,1,12,36,1
B,1,25,78,1
S,1,46,12,1
B,0,22,0,0
B,1,0,0,0
C,1,27,58,0
B,1,48,27,1
C,1,34,0,0
S,1,36,51,1
B,1,33,39,1
B,1,46,7,1
S,1,36,97,1
B,1,31,50,1
B,1,12,70,1
B,1,0,0,0
B,1,0,0,0
B,1,48,88,1
B,1,0,0,0
S,1,11,76,1
B,1,8,60,1
B,1,40,16,1
B,1,20,17,1
B,1,34,97,1
B,1,38,85,1
L,1,48,47,0
B,1,29,84,1
B,1,14,19,1
S,0,38,8,0
B,1,15,89,1
B,1,35,77,1
S,1,34,74,1
B,1,10,95,1
B,1,0,0,0
S,1,28,11,1
L,1,21,55,0
B,1,39,19,1
S,0,41,43,0
B,1,25,77,1
S,1,0,0,0
B,1,19,23,1
B,1,5,90,1
B,1,43,28,1
C,1,35,0,0
B,1,38,13,1
S,1,12,31,1
B,0,21,45,0
S,1,5,60,1
B,1,1,83,1
B,1,42,55,1
B,1,33,42,1
B,1,32,94,1
B,1,45,0,0
S,1,8,92,1
B,1,40,30,1
C,0,43,63,0
B,0,8,37,0
B,1,23,58,1
B,1,28,54,1
S,1,1,57,1
B,1,0,0,0
S,1,43,99,1
B,1,12,26,1
B,1,0,0,0
B,0,28,84,0
B,1,29,44,1
C,1,3,51,0
B,1,14,42,1
S,1,28,42,1
S,1,23,26,1
B,1,35,18,1
B,1,24,65,1
B,1,41,21,1
C,1,0,0,0
S,0,47,33,0
B,1,7,54,1
B,1,46,7,1
S,1,45,71,1
B,1,49,23,1
B,1,26,26,1
C,1,4,40,0
B,1,42,67,1
B,1,28,45,1
L,1,40,25,0
B,1,45,56,1
C,1,20,47,0
S,1,8,18,1
B,1,33,18,1
B,1,0,0,0
B,1,15,59,1
B,1,0,0,0
B,1,2,47,1
B,0,42,29,0
S,0,48,80,0
B,1,6,38,1
L,0,1,29,0
B,1,46,56,1
B,1,12,32,1
B,0,8,87,0
B,1,40,42,1
L,1,47,99,0
S,1,47,28,1
B,1,42,39,1
S,1,13,53,1
C,1,31,35,0
S,1,16,69,1
B,1,16,89,1
S,1,0,0,0
B,1,23,12,1
B,1,39,68,1
B,1,24,56,1
S,1,8,85,1
B,1,36,19,1
B,1,6,24,1
B,1,18,30,1
S,1,34,40,1
S,0,6,52,0
B,1,0,0,0
L,1,5,34,0
B,1,49,73,1
B,1,39,39,1
B,0,7,1,0
S,1,29,32,1
B,1,3,89,1
B,0,37,21,0
B,0,0,0,0
B,1,47,54,1
C,1,38,8,0
S,1,16,35,1
B,0,41,67,0
S,1,22,69,1
S,1,43,45,1
L,0,44,26,0
B,1,28,80,1
B,1,18,92,1
B,0,20,74,0
B,1,14,49,1
B,0,0,0,0
B,1,28,91,1
S,1,14,18,1
S,1,36,7,1
B,0,16,91,0
B,1,17,24,1
S,1,28,10,1
B,1,25,99,1
B,1,42,88,1
B,0,37,13,0
S,1,6,53,1
B,1,0,0,0
B,1,41,52,1
B,1,21,64,1
B,1,36,37,1
B,1,32,35,1
B,1,4,45,1
B,1,17,6,1
B,0,0,0,0
B,1,18,32,1
S,0,42,17,0
B,1,16,47,1
B,0,9,6,0
B,1,0,0,0
B,1,47,97,1
S,1,0,0,0
B,1,20,97,1
B,1,17,99,1
S,0,0,0,0
B,1,17,67,1
S,1,0,0,0
B,0,35,76,0
B,1,42,31,1
B,1,20,96,1
S,1,39,43,1
B,0,46,82,0
B,1,20,13,1
B,1,40,67,1
B,1,20,61,1
B,1,1,73,1
B,1,0,0,0
S,1,7,73,1
B,0,0,0,0
B,1,42,35,1
B,1,12,29,1
S,1,0,0,0
B,1,1,61,1
B,1,35,23,1
B,0,21,79,0
B,1,0,0,0
B,1,30,61,1
C,0,5,13,0
S,1,48,85,1
S,1,32,57,1
B,1,41,55,1
B,1,33,30,1
B,1,30,71,1
B,1,35,88,1
B,1,12,7,1
B,1,47,37,1
B,1,39,14,1
B,1,48,87,1
B,0,35,71,0
B,1,0,0,0
L,0,21,84,0
S,1,11,9,1
B,1,11,38,1
B,1,20,15,1
B,1,12,3,1
B,1,38,23,1
B,1,12,98,1
B,1,5,46,1
S,1,0,0,0
B,1,12,25,1
B,0,31,58,0
B,1,12,19,1
B,1,18,17,1
S,0,0,0,0
B,0,27,99,0
B,1,44,91,1
B,1,16,87,1
B,1,38,26,1
S,1,12,42,1
B,0,48,95,0
B,1,22,61,1
B,1,14,50,1
B,0,16,85,0
S,1,26,20,1
B,0,7,51,0
B,0,31,83,0
B,1,37,81,1
B,0,22,4,0
B,1,27,97,1
B,1,10,47,1
B,1,38,28,1
S,0,28,42,0
B,0,34,79,0
B,1,22,30,1
S,1,0,0,0
B,0,29,56,0
B,1,31,39,1
L,0,49,14,0
B,1,37,51,1
B,1,14,8,1
B,1,25,65,1
S,0,7,13,0
S,0,22,87,0
B,1,0,0,0
B,1,40,89,1
L,1,28,4,0
C,1,47,55,0
B,1,46,38,1
B,0,35,23,0
B,1,6,49,1
B,1,40,92,1
B,1,21,33,1
B,1,26,48,1
B,1,2,48,1
S,1,36,70,1
B,1,12,83,1
B,1,3,26,1
B,1,35,21,1
B,0,6,68,0
B,1,22,26,1
S,1,21,45,1
B,1,13,46,1
B,1,10,37,1
B,1,43,59,1
B,1,8,31,1
B,0,7,97,0
B,1,11,40,1
B,1,3,22,1
B,1,36,49,1
S,0,0,0,0
S,1,37,43,1
S,1,38,34,1
B,0,3,98,0
B,1,42,84,1
B,1,14,68,1
B,1,29,73,1
B,0,22,79,0
B,1,33,63,1
B,1,44,35,1
B,1,16,61,1
B,1,9,26,1
S,0,28,6,0
B,1,0,0,0
S,1,38,94,1
B,1,16,85,1
C,1,24,72,0
B,0,9,55,0
B,1,49,46,1
B,0,4,87,0
B,1,45,56,1
S,1,46,70,1
B,1,22,10,1
B,1,35,74,1
B,1,43,98,1
B,1,44,88,1
B,1,43,58,1
B,1,36,15,1
B,1,6,5,1
B,1,45,32,1
C,1,39,63,0
B,1,7,95,1
B,1,6,79,1
B,1,0,0,0
B,1,8,88,1
B,0,11,10,0
S,1,29,29,1
B,0,31,37,0
B,1,33,76,1
B,1,17,57,1
B,1,32,47,1
L,1,24,53,0
B,1,23,52,1
B,1,8,79,1
S,1,24,75,1
S,1,48,5,1
B,1,33,63,1
S,1,9,56,1
B,1,41,17,1
B,1,1,80,1
B,1,0,0,0
S,1,22,73,1
B,1,49,6,1
B,1,19,52,1
B,1,36,49,1
B,1,15,6,1
B,1,19,35,1
B,0,45,29,0
S,1,0,0,0
S,1,0,0,0
B,1,48,35,1
B,1,3,80,1
B,1,0,0,0
B,0,7,72,0
B,0,23,66,0
B,1,47,44,1
B,0,3,45,0
S,0,2,31,0
B,1,28,55,1
B,1,20,17,1
C,1,4,82,0
B,1,10,45,1
S,1,23,21,1
B,1,1,72,1
L,1,15,93,0
S,1,19,44,1
B,1,19,30,1
S,1,3,59,1
B,1,7,60,1
B,1,46,28,1
C,0,19,5,0
B,1,37,80,1
S,1,7,69,1
B,1,28,89,1
L,1,40,97,0
L,0,4,5,0
S,1,11,96,1
S,1,38,81,1
B,0,3,11,0
B,1,36,71,1
B,1,4,55,1
B,1,27,88,1
B,1,22,12,1
B,1,27,52,1
B,1,44,70,1
B,1,0,0,0
B,1,34,26,1
B,1,43,99,1
B,1,0,0,0
B,0,13,30,0
L,0,30,53,0
B,0,4,54,0
B,1,29,27,1
B,1,37,19,1
B,1,12,54,1
B,0,18,83,0
B,0,30,5,0
B,0,15,33,0
B,1,3,85,1
B,0,29,64,0
B,1,31,87,1
B,1,5,49,1
B,1,0,0,0
S,1,35,5,1
B,1,20,49,1
B,1,42,69,1
B,1,37,50,1
B,1,32,62,1
B,1,34,89,1
B,1,37,37,1
S,1,44,12,1
B,1,29,57,1
B,1,46,5,1
B,1,0,0,0
S,1,22,70,1
B,1,3,33,1
B,1,19,14,1
S,1,0,0,0
C,0,3,42,0
B,0,28,4,0
B,1,16,15,1
B,0,22,55,0
L,1,21,33,0
B,1,6,25,1
B,1,34,82,1
B,1,47,80,1
B,1,10,50,1
S,1,41,71,1
B,1,10,1,1
L,0,20,84,0
B,0,38,61,0
B,1,34,20,1
B,1,24,86,1
B,1,37,8,1
B,1,45,76,1
B,0,33,16,0
S,1,8,28,1
B,1,2,75,1
C,1,24,81,0
B,1,30,61,1
B,1,34,52,1
B,1,31,72,1
B,1,0,0,0
B,1,9,63,1
B,1,41,67,1
B,1,7,8,1
B,1,0,0,0
B,1,19,16,1
B,0,47,51,0
B,1,43,99,1
B,1,24,65,1
B,1,49,18,1
C,1,0,0,0
L,0,14,42,0
B,1,4,11,1
S,1,15,45,1
C,1,0,0,0
B,1,0,0,0
B,1,30,37,1
L,0,32,39,0
B,0,32,34,0
B,1,29,38,1
B,1,45,96,1
B,1,41,41,1
B,1,43,68,1
B,1,43,30,1
B,1,7,80,1
B,1,24,12,1
B,1,41,55,1
B,1,30,2,1
S,1,26,28,1
B,1,5,36,1
B,1,0,0,0
B,1,10,23,1
B,1,27,16,1
B,1,0,0,0
B,1,33,55,1
L,1,6,85,0
B,1,8,43,1
L,1,15,59,0
S,1,1,44,1
S,1,6,61,1
S,1,24,5,1
B,0,31,65,0
B,1,24,65,1
B,1,38,24,1
B,1,12,58,1
B,1,21,71,1
B,0,4,27,0
B,1,26,55,1
L,1,2,41,0
B,0,14,81,0
S,1,8,85,1
S,0,15,34,0
S,1,2,75,1
B,1,0,0,0
B,0,34,95,0
S,1,47,49,1
B,1,48,17,1
B,0,47,89,0
B,0,0,0,0
B,0,4,34,0
B,1,31,90,1
B,0,0,0,0
S,1,0,0,0
B,1,24,25,1
B,1,29,85,1
S,1,11,21,1
B,0,47,64,0
B,1,38,62,1
B,0,41,70,0
B,1,0,0,0
B,1,6,44,1
B,1,48,78,1
S,1,30,10,1
C,1,15,64,0
S,1,48,63,1
S,1,30,7,1
B,1,35,0,0
S,1,45,79,1
B,0,0,0,0
B,1,20,62,1
S,1,38,97,1
B,1,46,46,1
S,1,11,82,1
B,0,49,1,0
B,1,39,0,0
B,1,24,54,1
B,1,38,41,1
B,1,48,22,1
S,0,1,99,0
B,1,26,16,1
B,1,45,68,1
C,0,26,36,0
C,1,0,0,0
B,1,0,0,0
B,1,19,12,1
S,1,9,17,1
B,0,0,0,0
B,1,27,76,1
B,1,9,2,1
B,1,0,0,0
B,0,16,93,0
B,0,7,35,0
C,0,26,10,0
B,1,42,54,1
B,1,35,23,1
B,1,5,34,1
S,1,28,38,1
B,1,46,33,1
B,0,12,54,0
S,1,20,18,1
B,1,7,14,1
B,1,37,10,1
B,1,26,42,1
B,1,1,46,1
C,1,29,22,0
B,1,25,76,1
B,1,27,23,1
B,0,0,0,0
B,1,28,78,1
S,1,0,0,0
B,1,29,5,1
C,1,9,61,0
S,1,42,6,1
S,0,39,88,0
B,1,36,2,1
B,1,21,44,1
S,1,32,49,1
B,1,2,10,1
B,1,8,58,1
B,1,30,89,1
S,1,0,0,0
S,1,6,78,1
S,1,39,3,1
L,1,37,14,0
B,1,26,60,1
S,1,7,19,1
B,1,34,27,1
B,1,47,56,1
B,1,15,68,1
B,0,40,18,0
B,1,31,15,1
B,1,32,74,1
B,1,4,34,1
B,1,45,19,1
B,0,40,39,0
B,1,5,65,1
B,1,41,4,1
B,1,28,12,1
B,1,9,64,1
S,0,20,16,0
B,1,37,28,1
B,1,12,10,1
S,1,24,33,1
S,1,46,77,1
B,0,46,75,0
B,1,0,0,0
B,1,42,31,1
B,1,0,0,0
B,0,15,83,0
C,1,44,33,0
S,1,45,7,1
S,1,12,45,1
C,1,48,85,0
B,1,44,34,1
B,1,1,31,1
B,0,29,6,0
B,0,42,54,0
B,1,38,45,1
B,1,11,81,1
B,1,18,64,1
B,1,1,93,1
B,1,17,1,1
B,1,0,0,0
B,1,0,0,0
B,1,0,0,0
C,1,11,84,0
S,1,29,4,1
S,1,4,38,1
S,1,38,60,1
B,0,22,23,0
B,0,25,99,0
S,0,25,43,0
B,1,29,47,1
S,1,37,85,1
B,1,0,0,0
B,1,47,48,1
B,1,21,69,1
B,1,15,66,1
B,1,6,72,1
B,0,42,14,0
S,0,5,7,0
B,1,9,79,1
S,1,29,93,1
B,1,21,62,1
B,1,11,37,1
L,1,34,21,0
B,1,0,0,0
B,1,15,39,1
B,1,16,36,1
B,0,5,64,0
B,1,14,12,1
B,1,17,34,1
B,1,37,22,1
S,1,0,0,0
B,1,41,19,1
S,1,12,57,1
B,1,22,53,1
B,0,16,26,0
B,0,41,66,0
S,1,26,59,1
B,1,11,76,1
S,1,22,92,1
B,1,43,68,1
B,1,9,8,1
S,1,13,19,1
B,1,0,0,0
S,1,11,96,1
B,0,8,3,0
B,1,20,40,1
B,1,2,4,1
B,0,13,83,0
L,0,1,46,0
B,1,11,67,1
S,1,39,61,1
B,1,42,63,1
B,1,44,29,1
B,1,18,14,1
B,1,23,91,1
B,1,0,0,0
B,1,5,79,1
B,1,47,98,1
L,1,34,6,0
B,1,15,0,0
B,1,21,48,1
S,0,46,40,0
S,1,5,69,1
S,1,5,37,1
B,1,6,92,1
B,0,45,90,0
B,1,2,14,1
S,0,35,54,0
S,1,0,0,0
B,1,48,53,1
S,1,21,15,1
B,0,0,0,0
B,1,3,57,1
B,1,30,55,1
S,1,11,31,1
B,1,26,45,1
B,1,37,81,1
B,1,26,52,1
B,1,37,54,1
B,1,12,28,1
B,0,39,36,0
B,1,31,9,1
B,1,20,87,1
S,0,40,59,0
B,1,0,0,0
B,1,43,89,1
B,1,10,82,1
B,1,26,17,1
B,0,27,51,0
B,1,40,80,1
B,1,1,66,1
S,1,11,82,1
B,1,6,95,1
B,0,33,13,0
B,1,27,31,1
B,0,41,85,0
B,1,15,14,1
B,0,28,77,0
S,1,43,38,1
B,1,46,22,1
B,1,20,94,1
B,0,20,96,0
B,1,31,21,1
S,1,49,26,1
B,1,0,0,0
B,1,36,59,1
B,1,6,23,1
B,1,17,63,1
B,0,28,94,0
S,1,15,45,1
B,1,8,82,1
B,1,5,89,1
B,1,4,32,1
B,1,48,74,1
B,1,25,32,1
B,0,32,33,0
B,0,36,21,0
B,1,29,49,1
B,1,6,94,1
B,1,15,57,1
B,1,15,61,1
S,1,39,93,1
B,1,20,25,1
S,1,14,4,1
L,1,4,58,0
B,0,22,10,0
B,1,48,75,1
B,1,48,40,1
B,1,49,45,1
B,1,29,45,1
S,1,0,0,0
C,0,40,2,0
B,0,30,64,0
B,1,25,50,1
B,1,26,39,1
B,1,21,24,1
B,1,38,97,1
B,1,41,78,1
B,1,2,19,1
B,1,44,32,1
B,0,0,0,0
B,1,36,83,1
B,0,3,17,0
B,1,48,18,1
B,1,22,66,1
S,0,40,59,0
B,0,9,74,0
B,1,32,18,1
S,1,25,6,1
B,0,19,30,0
B,0,21,10,0
B,1,46,95,1
B,1,26,98,1
C,1,0,0,0
B,1,15,38,1
B,1,22,90,1
C,1,44,24,0
B,1,33,72,1
S,1,9,57,1
B,1,43,9,1
S,1,14,2,1
B,1,42,93,1
B,1,17,51,1
B,1,0,0,0
B,1,31,46,1
S,1,9,47,1
B,1,2,28,1
B,1,30,6,1
B,1,33,64,1
S,1,8,41,1
C,0,49,10,0
B,1,5,88,1
B,0,36,77,0
B,1,33,99,1
B,1,49,62,1
B,1,46,54,1
S,1,21,56,1
B,1,7,66,1
B,0,8,95,0
S,1,10,17,1
S,1,32,26,1
L,1,48,53,0
S,1,28,28,1
B,1,25,12,1
C,1,12,26,0
S,0,1,43,0
B,0,2,11,0
B,1,0,0,0
S,1,30,62,1
B,0,42,73,0
B,0,15,86,0
B,1,21,99,1
B,1,2,61,1
B,0,26,96,0
C,1,23,35,0
B,1,10,87,1
B,1,5,25,1
S,1,11,44,1
B,1,10,96,1
B,1,24,25,1
S,1,48,13,1
L,1,0,0,0
S,1,46,85,1
B,1,21,18,1
B,1,29,6,1
B,1,9,27,1
B,1,0,0,0
B,1,47,63,1
B,1,29,35,1
B,1,36,1,1
B,1,34,71,1
B,0,33,28,0
L,0,21,13,0
B,1,0,0,0
B,1,5,52,1
B,1,13,57,1
S,1,6,81,1
B,1,33,36,1
B,1,29,42,1
B,1,41,5,1
B,1,25,97,1
S,0,48,47,0
B,1,21,32,1
B,1,45,70,1
B,0,2,36,0
B,0,11,35,0
B,0,47,64,0
B,1,2,56,1
B,1,24,23,1
S,1,11,15,1
B,1,7,33,1
B,1,25,17,1
B,1,14,78,1
S,1,35,51,1
B,0,25,94,0
B,0,0,0,0
B,1,33,31,1
B,1,11,53,1
B,1,0,0,0
B,1,32,58,1
B,0,26,74,0
B,1,38,15,1
B,1,7,47,1
B,1,9,27,1
S,1,20,20,1
B,1,31,94,1
B,1,8,47,1
B,0,21,22,0
B,1,2,90,1
B,1,26,23,1
B,1,6,60,1
B,1,36,29,1
S,1,0,0,0
B,1,19,88,1
S,1,29,53,1
B,1,18,12,1
S,1,13,30,1
B,1,41,51,1
B,0,44,82,0
S,1,17,78,1
S,1,43,96,1
B,0,30,96,0
B,1,29,26,1
B,0,0,0,0
B,1,20,52,1
B,1,23,61,1
B,1,0,0,0
C,1,31,79,0
L,1,45,25,0
B,1,37,19,1
B,1,16,91,1
B,1,43,43,1
B,0,6,56,0
B,1,24,45,1
B,1,43,5,1
S,1,16,40,1
B,1,0,0,0
B,1,12,13,1
S,1,0,0,0
B,1,33,73,1
B,1,20,96,1
B,0,17,27,0
B,0,24,43,0
C,1,0,0,0
L,1,32,35,0
B,1,13,2,1
S,1,11,39,1
S,1,13,84,1
B,1,49,0,0
B,1,32,97,1
B,1,25,37,1
B,1,2,68,1
B,1,7,97,1
B,1,25,93,1
B,1,0,0,0
B,1,48,66,1
B,1,27,80,1
B,1,36,50,1
B,1,21,58,1
B,1,14,60,1
B,0,42,14,0
B,0,33,62,0
B,1,44,6,1
B,0,27,31,0
B,1,20,78,1
C,1,0,0,0
B,1,45,68,1
B,1,24,50,1
C,1,10,7,0
S,0,13,63,0
B,1,36,39,1
B,1,20,7,1
B,1,14,53,1
C,0,2,39,0
B,1,4,87,1
B,0,38,53,0
B,1,37,20,1
C,1,15,31,0
B,1,45,8,1
L,1,34,46,0
B,1,13,75,1
B,1,21,22,1
S,1,41,76,1
B,0,11,10,0
B,1,6,34,1
B,1,41,84,1
B,1,6,34,1
B,1,42,17,1
B,1,24,47,1
B,1,44,81,1
S,1,9,1,1
B,1,11,76,1
B,1,3,95,1
B,1,16,88,1
C,1,34,98,0
C,1,32,38,0
C,0,0,0,0
S,1,33,13,1
B,1,8,73,1
B,1,0,0,0
B,1,38,62,1
B,1,45,72,1
B,1,42,41,1
B,0,1,74,0
B,1,7,47,1
B,1,39,56,1
B,1,21,10,1
B,1,19,98,1
L,1,38,73,0
B,0,0,0,0
C,1,0,0,0
S,1,31,61,1
C,1,41,92,0
B,1,39,37,1
B,1,46,92,1
B,1,44,5,1
B,1,43,25,1
B,1,30,82,1
S,1,25,39,1
B,1,30,32,1
S,1,38,52,1
B,1,45,42,1
S,1,25,5,1
B,1,22,65,1
B,0,36,43,0
L,1,0,0,0
S,1,0,0,0
B,1,6,92,1
B,1,21,67,1
S,1,12,96,1
B,0,18,41,0
B,1,35,60,1
B,1,5,83,1
B,1,11,96,1
B,1,22,34,1
B,0,32,28,0
B,0,34,25,0
B,1,25,54,1
S,1,22,53,1
B,1,4,2,1
C,1,7,97,0
B,1,42,39,1
B,1,35,88,1
B,1,40,16,1
C,1,44,83,0
B,0,28,80,0
B,1,46,13,1
B,0,0,0,0
B,1,40,0,0
B,1,29,32,1
B,1,0,0,0
S,1,40,15,1
B,1,18,84,1
L,1,28,87,0
B,1,30,10,1
S,1,0,0,0
B,1,29,87,1
B,0,42,40,0
C,1,16,76,0
B,1,0,0,0
B,1,34,73,1
B,1,0,0,0
L,1,7,53,0
B,1,34,89,1
C,1,21,99,0
B,1,49,87,1
S,1,6,58,1
S,1,20,53,1
S,0,8,72,0
B,0,24,21,0
B,1,42,86,1
C,1,28,64,0
S,1,47,12,1
B,1,33,11,1
B,1,16,89,1
B,1,2,94,1
B,0,0,0,0
B,1,0,0,0
S,0,0,0,0
B,1,16,91,1
S,0,30,13,0
B,1,39,27,1
B,0,41,79,0
B,1,48,95,1
S,0,34,11,0
B,1,16,16,1
B,0,13,36,0
B,1,14,5,1
B,0,15,22,0
S,1,14,34,1
B,1,0,0,0
B,1,44,19,1
B,1,0,0,0
B,1,33,64,1
S,1,0,0,0
S,0,34,95,0
C,1,44,57,0
B,1,15,17,1
B,0,17,98,0
S,0,49,69,0
C,1,25,17,0
B,1,40,56,1
S,1,6,77,1
B,1,37,54,1
B,1,12,56,1
B,0,17,3,0
B,1,26,94,1
B,1,0,0,0
S,1,27,9,1
B,1,7,27,1
B,1,29,77,1
B,1,14,44,1
B,1,38,94,1
S,1,48,23,1
B,1,33,19,1
B,1,22,30,1
B,1,0,0,0
B,1,42,93,1
B,1,16,46,1
B,1,43,80,1
B,1,1,94,1
B,1,29,19,1
B,0,0,0,0
B,1,47,77,1
C,1,46,27,0
B,1,40,1,1
B,1,0,0,0
B,1,28,96,1
B,1,20,97,1
B,1,31,86,1
S,0,9,83,0
B,1,34,83,1
B,0,42,82,0
B,0,18,93,0
B,1,34,22,1
S,1,0,0,0
B,1,9,96,1
B,1,8,81,1
B,1,10,66,1
B,1,0,0,0
B,1,0,0,0
B,1,17,53,1
L,0,14,73,0
B,0,0,0,0
B,1,0,0,0
B,1,23,75,1
L,1,0,0,0
L,1,30,73,0
B,1,23,23,1
B,1,45,0,0
B,1,29,62,1
B,1,15,44,1
B,1,0,0,0
B,1,0,0,0
B,1,18,99,1
S,1,33,75,1
S,1,14,46,1
B,1,49,47,1
B,1,39,17,1
B,1,23,74,1
S,1,24,92,1
B,1,44,75,1
S,0,3,44,0
S,0,24,93,0
B,1,34,54,1
S,1,23,61,1
B,0,7,98,0
B,1,34,58,1
B,1,31,49,1
B,1,14,8,1
S,1,22,68,1
B,1,41,76,1
B,1,42,8,1
B,1,43,45,1
B,1,1,24,1
L,1,42,39,0
B,1,11,0,0
B,1,26,4,1
C,0,0,0,0
L,1,2,35,0
B,1,24,45,1
S,1,38,9,1
B,1,0,0,0
B,1,33,15,1
B,1,33,3,1
B,0,45,15,0
B,1,13,97,1
B,0,42,43,0
C,0,42,23,0
B,1,10,42,1
C,1,23,88,0
B,1,6,35,1
B,1,18,1,1
L,1,38,37,0
S,1,33,88,1
S,0,6,82,0
B,1,16,52,1
B,1,27,5,1
S,1,46,69,1
S,0,9,34,0
B,1,15,42,1
B,0,16,43,0
B,1,12,58,1
B,1,0,0,0
B,1,6,54,1
B,1,49,56,1
B,0,0,0,0
B,1,40,72,1
B,1,27,50,1
S,1,38,95,1
S,1,13,13,1
B,1,10,61,1
S,1,22,94,1
B,1,9,9,1
B,1,0,0,0
S,1,6,93,1
B,1,25,17,1
B,1,8,66,1
B,1,37,26,1
B,1,10,27,1
L,1,24,42,0
B,1,33,35,1
C,1,23,31,0
C,0,32,33,0
B,1,0,0,0
B,0,33,36,0
S,1,16,73,1
S,1,28,21,1
L,0,0,0,0
C,1,0,0,0
S,1,39,59,1
B,1,49,29,1
B,1,21,19,1
B,0,14,35,0
B,0,11,5,0
L,0,13,7,0
B,1,23,77,1
B,0,36,59,0
S,1,21,10,1
C,1,16,33,0
S,1,34,5,1
B,1,1,40,1
S,0,4,52,0
B,1,32,58,1
B,1,39,76,1
B,1,18,86,1
S,0,42,55,0
L,1,28,11,0
C,1,46,4,0
B,1,41,69,1
B,1,18,87,1
B,1,38,89,1
B,1,13,71,1
B,1,10,26,1
S,1,29,96,1
B,1,16,34,1
B,1,14,2,1
B,1,0,0,0
B,1,30,37,1
C,1,32,29,0
S,1,0,0,0
B,1,0,0,0
S,1,39,56,1
B,0,35,43,0
B,1,1,52,1
B,1,21,5,1
B,1,0,0,0
B,0,16,8,0
S,1,6,34,1
B,1,32,3,1
B,1,0,0,0
B,1,44,9,1
S,0,0,0,0
B,1,0,0,0
B,1,15,68,1
B,1,0,0,0
S,1,29,85,1
S,0,41,8,0
B,1,8,3,1
S,0,39,48,0
C,1,9,44,0
S,0,20,29,0
B,1,7,11,1
B,0,39,23,0
S,1,23,97,1
B,1,36,64,1
B,1,11,1,1
B,0,28,13,0
B,1,39,5,1
B,1,34,77,1
B,0,41,80,0
B,1,36,20,1
L,0,21,13,0
C,1,31,52,0
B,1,31,59,1
B,1,6,1,1
B,1,19,0,0
S,1,18,44,1
B,1,29,16,1
S,1,29,15,1
B,1,29,34,1
B,1,48,2,1
S,0,0,0,0
S,1,21,26,1
L,1,0,0,0
B,0,0,0,0
B,1,28,97,1
B,0,28,40,0
B,1,18,34,1
B,1,47,63,1
B,1,0,0,0
C,1,0,0,0
B,1,47,63,1
B,1,23,55,1
S,1,38,81,1
B,1,26,83,1
S,1,43,7,1
S,1,0,0,0
B,1,26,74,1
B,1,42,72,1
